file_name,id
epic-patient-eroCd17NbCffM3E3WXi7eOQ3,eroCd17NbCffM3E3WXi7eOQ3
epic-practitioner-e7D.u41Zv3VPrLmUp-mWnrQ3,e7D.u41Zv3VPrLmUp-mWnrQ3
epic-organization-enRyWnSP963FYDpoks4NHOA3,enRyWnSP963FYDpoks4NHOA3
epic-encounter-ehoN2kZnYuW5z0Di4Kkno5w3,ehoN2kZnYuW5z0Di4Kkno5w3
epic-encounter-eiSX3g2gt4tJIs7-6h7nJjA3,eiSX3g2gt4tJIs7-6h7nJjA3
epic-encounter-e1Jw-ETrL1kZAPiXl3uSMWw3,e1Jw-ETrL1kZAPiXl3uSMWw3
epic-encounter-eZAjx5sRd6AgpTlKjDh4b5w3,eZAjx5sRd6AgpTlKjDh4b5w3
epic-encounter-ejPvGuBUqYJkCweOPRabvYg3,ejPvGuBUqYJkCweOPRabvYg3
epic-location-e4W4rmGe9QzuGm2Dy4NBqVc0KDe6yGld6HW95UuN-Qd03,e4W4rmGe9QzuGm2Dy4NBqVc0KDe6yGld6HW95UuN-Qd03
